{"cameraMode":{"drawMode":0,"name":"Shaded","section":"Shading Mode"},"sceneLighting":true,"audioPlay":false,"sceneViewState":{"m_AlwaysRefresh":false,"showFog":true,"showSkybox":true,"showFlares":true,"showImageEffects":true,"showParticleSystems":true,"showVisualEffectGraphs":true,"m_FxEnabled":true},"in2DMode":false,"pivot":{"x":0.09729626774787903,"y":0.4213560223579407,"z":-0.03815567493438721},"rotation":{"x":-0.04164426401257515,"y":0.04076335206627846,"z":0.0016995510086417199,"w":0.9983033537864685},"size":1.5822983980178834,"orthographic":false}