{"cameraMode":{"drawMode":0,"name":"Shaded","section":"Shading Mode"},"sceneLighting":true,"audioPlay":false,"sceneViewState":{"m_AlwaysRefresh":false,"showFog":true,"showSkybox":true,"showFlares":true,"showImageEffects":true,"showParticleSystems":true,"showVisualEffectGraphs":true,"m_FxEnabled":true},"in2DMode":false,"pivot":{"x":-5.543071269989014,"y":-0.9544517993927002,"z":0.21261072158813477},"rotation":{"x":0.13406714797019959,"y":-0.6944773197174072,"z":0.13414470851421357,"w":0.6940730214118958},"size":12.739635467529297,"orthographic":false}